Locaties;;;;Inwerkers
1.Rick's Fun Factory;;;;
2.Aqua Shute;;;;
3.Haven;;;;
4.Rick's Avonturenburcht;;;;Lisa Bakker (6)
6.Kaars;;;;
7.Tobbedanser;;;;
10.Botsboten;;;;
11.Oude Lijnbaan;;;;
12.Minitrein;;;;
13.Aqua Swing;;;;
14.Locomotion;;;;
15.Rodelbaan;;;;
16.Kikkerachtbaan;;;;
17.Waterspin;Linda Dijkstra (4);;;
18.Splash;;;;
19.Mad Mill;;;;
20.Botsauto's;;;;
21.Falcon;;;;
22.Dragonfly;;;;
23.Wild Wings;;;;
24.Promenadewinkel;;;;
25.Blokhut;;;;
26.Snoepkluis;;;;
27.Games;;;;
28.Holland winkel;;;;
29.Huifkar;;;;
30.Rick's Feesthuis;;;;
31.Pipo;;;;
32.Arcade;;;;
